"1","Vadodara","active","1","2017-12-18 18:44:57","2017-12-18 18:44:57"
"2","Allahabad","active","2","2017-12-18 20:00:52","2017-12-18 20:00:52"
"3","Bhavnagar","active","1","2017-12-19 10:01:25","2017-12-19 10:01:25"
"4","Jagadhri","active","3","2017-12-19 10:56:47","2017-12-19 10:56:47"
"5","Kollam","active","4","2017-12-19 11:25:05","2017-12-19 11:25:05"
"6","Thrissur","active","4","2017-12-19 11:51:40","2017-12-19 11:51:40"
"7","Karnal","active","3","2017-12-19 12:53:34","2017-12-19 12:53:34"
"8","Cochin","active","4","2017-12-19 13:18:29","2017-12-19 13:18:29"
"9","Mumbai","active","5","2017-12-19 13:27:16","2017-12-19 13:27:16"
"10","Bangalore","active","6","2017-12-19 13:35:22","2017-12-19 13:35:22"
"11","Yamuna nagar","active","3","2017-12-19 15:15:44","2017-12-19 15:15:44"
"12","Surat","active","1","2017-12-19 19:34:10","2017-12-19 19:34:10"
"13","Saharanpur","active","2","2017-12-19 21:12:04","2017-12-19 21:12:04"
"14","Mumbai","active","7","2017-12-19 22:14:42","2017-12-19 22:14:42"
"15","Kalaburgi","active","6","2017-12-19 23:07:02","2017-12-19 23:07:02"
"16","Gulbarga","active","6","2017-12-19 23:25:14","2017-12-19 23:25:14"
"17","Ahmedabad","active","1","2017-12-19 23:29:09","2017-12-19 23:29:09"
"18","Bagalkot","active","6","2017-12-19 23:38:06","2017-12-19 23:38:06"
"19","Trichy","active","8","2017-12-20 14:10:28","2017-12-20 14:10:28"
"20","Rajkot","active","1","2017-12-20 14:25:38","2017-12-20 14:25:38"
"21","Meerut","active","2","2017-12-20 15:38:01","2017-12-20 15:38:01"
"22","Manipal","active","6","2017-12-20 16:00:17","2017-12-20 16:00:17"
"23","Dakshina Kannada","active","6","2017-12-20 16:10:44","2017-12-20 16:10:44"
"24","Guntur","active","9","2017-12-20 16:30:34","2017-12-20 16:30:34"
"25","Kota","active","10","2017-12-20 17:42:13","2017-12-20 17:42:13"
"26","Sawaimadhopur","active","10","2017-12-20 18:11:51","2017-12-20 18:11:51"
"27","Mumbai","active",NULL,"2017-12-20 19:41:22","2017-12-20 19:41:22"
"28","Bathinda","active","11","2017-12-20 22:20:15","2017-12-20 22:20:15"
"29","Jalandhar","active","11","2017-12-20 23:10:40","2017-12-20 23:10:40"
"30","Vadodar","active","1","2017-12-20 23:30:58","2017-12-20 23:30:58"
"31","Bengaluru","active","6","2017-12-20 23:31:01","2017-12-20 23:31:01"
"32","Anand","active","1","2017-12-20 23:40:39","2017-12-20 23:40:39"
"33","Chennai","active","12","2017-12-21 07:50:54","2017-12-21 07:50:54"
"34","Howrah","active","13","2017-12-21 08:52:31","2017-12-21 08:52:31"
"35","Navsari","active","1","2017-12-21 11:17:25","2017-12-21 11:17:25"
"36","Bangaon","active","13","2017-12-21 13:12:49","2017-12-21 13:12:49"
"37","Vapi","active","1","2017-12-21 13:25:49","2017-12-21 13:25:49"
"38","Mumbai","active","14","2017-12-21 13:52:18","2017-12-21 13:52:18"
"39","Jaipur","active","10","2017-12-21 15:22:52","2017-12-21 15:22:52"
"40","Kancheepuram","active","12","2017-12-21 15:25:46","2017-12-21 15:25:46"
"41","Thane","active","5","2017-12-21 16:44:08","2017-12-21 16:44:08"
"42","Kolkata","active","13","2017-12-21 17:03:35","2017-12-21 17:03:35"
"43","Lucknow","active","15","2017-12-21 22:26:08","2017-12-21 22:26:08"
"44","Chandigarh","active","16","2017-12-21 22:33:25","2017-12-21 22:33:25"
"45","Mohali","active","11","2017-12-21 22:40:32","2017-12-21 22:40:32"
"46","Chandigarh","active","11","2017-12-21 23:01:08","2017-12-21 23:01:08"
"47","Bhagalpur","active","17","2017-12-21 23:35:47","2017-12-21 23:35:47"
"48","Barasat","active","13","2017-12-21 23:43:31","2017-12-21 23:43:31"
"49","Alwar","active","10","2017-12-21 23:53:12","2017-12-21 23:53:12"
"50","Pathankot","active","11","2017-12-22 00:06:12","2017-12-22 00:06:12"
"51","Maslandapur","active","13","2017-12-22 00:11:35","2017-12-22 00:11:35"
"52","Basirhat","active","18","2017-12-22 00:31:47","2017-12-22 00:31:47"
"53","New town","active","13","2017-12-22 01:28:39","2017-12-22 01:28:39"
"54","Agra","active","2","2017-12-22 07:55:49","2017-12-22 07:55:49"
"55","Aligarh","active","19","2017-12-22 08:40:06","2017-12-22 08:40:06"
"56","Aligarh","active","2","2017-12-22 08:52:54","2017-12-22 08:52:54"
"57","Bikaner","active","20","2017-12-22 09:16:02","2017-12-22 09:16:02"
"58","Chennai","active","8","2017-12-22 09:31:53","2017-12-22 09:31:53"
"59","Lucknow","active","21","2017-12-22 10:51:17","2017-12-22 10:51:17"
"60","Suratgarh","active","10","2017-12-22 10:59:36","2017-12-22 10:59:36"
"61","Udaipur","active","10","2017-12-22 11:39:58","2017-12-22 11:39:58"
"62","Bikaner","active","10","2017-12-22 12:03:02","2017-12-22 12:03:02"
"63","Mangalore","active","6","2017-12-22 13:40:45","2017-12-22 13:40:45"
"64","Sikar","active","10","2017-12-22 14:02:34","2017-12-22 14:02:34"
"65","Jhunjhunu","active","10","2017-12-22 15:22:54","2017-12-22 15:22:54"
"66","Kamrup","active","22","2017-12-22 16:16:28","2017-12-22 16:16:28"
"67","Dehradun","active","23","2017-12-22 20:09:57","2017-12-22 20:09:57"
"68","Ranchi","active","24","2017-12-22 21:12:24","2017-12-22 21:12:24"
"69","Bijapura","active","6","2017-12-22 21:16:11","2017-12-22 21:16:11"
"70","Bidar","active","6","2017-12-22 21:20:58","2017-12-22 21:20:58"
"71","Alleppey","active","4","2017-12-22 21:58:25","2017-12-22 21:58:25"
"72","Ranaghat","active","13","2017-12-22 22:41:09","2017-12-22 22:41:09"
"73","Abohar","active","11","2017-12-22 22:42:44","2017-12-22 22:42:44"
"74","Raebarely","active","21","2017-12-22 22:48:33","2017-12-22 22:48:33"
"75","Varanasi","active","2","2017-12-22 23:00:05","2017-12-22 23:00:05"
"76","Madhyamgram","active","25","2017-12-22 23:14:26","2017-12-22 23:14:26"
"77","Madhyamgram","active","13","2017-12-22 23:14:51","2017-12-22 23:14:51"
"78","Dumdum","active","13","2017-12-23 00:10:31","2017-12-23 00:10:31"
"79","Siliguri","active","13","2017-12-23 00:45:06","2017-12-23 00:45:06"
"80","New Barrackpore","active","13","2017-12-23 00:58:32","2017-12-23 00:58:32"
"81","Krishnanagar","active","13","2017-12-23 01:15:57","2017-12-23 01:15:57"
"82","Patna","active","17","2017-12-23 07:47:12","2017-12-23 07:47:12"
"83","Patiala","active","11","2017-12-23 08:03:59","2017-12-23 08:03:59"
"84","Faridabad","active","3","2017-12-23 08:51:04","2017-12-23 08:51:04"
"85","Raebareli","active","21","2017-12-23 11:23:11","2017-12-23 11:23:11"
"86","Dhanbad","active","24","2017-12-23 11:52:38","2017-12-23 11:52:38"
"87","AJMER","active","10","2017-12-23 12:16:14","2017-12-23 12:16:14"
"88","Ladwa","active","3","2017-12-23 12:38:00","2017-12-23 12:38:00"
"89","Kurukshetra","active","3","2017-12-23 12:55:10","2017-12-23 12:55:10"
"90","Karauli","active","10","2017-12-23 12:55:55","2017-12-23 12:55:55"
"91","Alipurduar","active","13","2017-12-23 12:57:06","2017-12-23 12:57:06"
"92","Guwahati","active","22","2017-12-23 12:57:20","2017-12-23 12:57:20"
"93","Jalpaiguri","active","13","2017-12-23 14:04:51","2017-12-23 14:04:51"
"94","Kaithal","active","3","2017-12-23 14:28:53","2017-12-23 14:28:53"
"95","Vizag","active","26","2017-12-23 14:57:23","2017-12-23 14:57:23"
"96","Guwahati","active","27","2017-12-23 16:01:42","2017-12-23 16:01:42"
"97","Hooghly","active","13","2017-12-23 18:46:25","2017-12-23 18:46:25"
"98","Nadia","active","13","2017-12-23 19:11:02","2017-12-23 19:11:02"
"99","Barrackpore","active","13","2017-12-23 19:56:18","2017-12-23 19:56:18"
"100","Uluberia","active","13","2017-12-24 00:40:59","2017-12-24 00:40:59"
"101","BIKANER","active","28","2017-12-24 05:46:31","2017-12-24 05:46:31"
"102","SRIGANGANAGAR","active","10","2017-12-24 06:12:07","2017-12-24 06:12:07"
"103","Kolkata","active","29","2017-12-24 10:55:23","2017-12-24 10:55:23"
"104","Burdwan","active","13","2017-12-24 11:34:10","2017-12-24 11:34:10"
"105","Bolpur","active","30","2017-12-24 11:51:38","2017-12-24 11:51:38"
"106","Bolpur","active","13","2017-12-24 12:03:23","2017-12-24 12:03:23"
"107","Kolkata","active","31","2017-12-24 12:14:01","2017-12-24 12:14:01"
"108","Burdwan","active","32","2017-12-24 12:25:43","2017-12-24 12:25:43"
"109","Bolpur","active","32","2017-12-24 12:58:36","2017-12-24 12:58:36"
"110","Varanasi","active","15","2017-12-24 15:18:44","2017-12-24 15:18:44"
"111","Mumai","active","5","2017-12-24 15:48:06","2017-12-24 15:48:06"
"112","Mumbai","active","33","2017-12-24 16:13:53","2017-12-24 16:13:53"
"113","Hyderabad","active","34","2017-12-24 16:35:57","2017-12-24 16:35:57"
"114","Berhampore","active","13","2017-12-24 16:42:54","2017-12-24 16:42:54"
"115","Hyderabad","active","35","2017-12-24 17:21:35","2017-12-24 17:21:35"
"116","Chakdaha","active","13","2017-12-24 17:53:07","2017-12-24 17:53:07"
"117","Khardaha","active","13","2017-12-24 18:08:54","2017-12-24 18:08:54"
"118","Kolkata","active",NULL,"2017-12-24 18:26:00","2017-12-24 18:26:00"
"119","Sangrur","active","11","2017-12-24 21:29:28","2017-12-24 21:29:28"
"120","Tapa","active","11","2017-12-24 21:45:17","2017-12-24 21:45:17"
"121","Hooghly","active","36","2017-12-24 22:05:34","2017-12-24 22:05:34"
"122","Madurai","active",NULL,"2017-12-24 22:54:51","2017-12-24 22:54:51"
"123","Madurai","active","37","2017-12-24 23:02:38","2017-12-24 23:02:38"
"124","Belgharia","active","29","2017-12-24 23:09:36","2017-12-24 23:09:36"
"125","Bagdah","active","13","2017-12-24 23:12:00","2017-12-24 23:12:00"
"126","Tirunelveli","active","8","2017-12-24 23:43:16","2017-12-24 23:43:16"
"127","Allahabad","active","15","2017-12-25 08:40:35","2017-12-25 08:40:35"
"128","Allahabad","active","19","2017-12-25 08:40:53","2017-12-25 08:40:53"
"129","Hooghly","active","29","2017-12-25 09:12:46","2017-12-25 09:12:46"
"130","Tanjore","active","8","2017-12-25 09:56:38","2017-12-25 09:56:38"
"131","Nagercovil","active","8","2017-12-25 13:43:06","2017-12-25 13:43:06"
"132","Bahadurgarh","active","3","2017-12-25 14:18:45","2017-12-25 14:18:45"
"133","Rohtak","active","3","2017-12-25 14:26:34","2017-12-25 14:26:34"
"134","Salem","active","8","2017-12-25 15:23:14","2017-12-25 15:23:14"
"135","Murshidabad","active","13","2017-12-25 15:24:12","2017-12-25 15:24:12"
"136","Nizamabad","active","38","2017-12-25 16:35:43","2017-12-25 16:35:43"
"137","Erode","active","8","2017-12-25 16:49:49","2017-12-25 16:49:49"
"138","Coimbatore","active","8","2017-12-25 17:01:33","2017-12-25 17:01:33"
"139","Coimbatore","active","12","2017-12-25 17:23:47","2017-12-25 17:23:47"
"140","Warangal","active","34","2017-12-25 17:49:32","2017-12-25 17:49:32"
"141","Pudukottai","active","8","2017-12-25 17:56:39","2017-12-25 17:56:39"
"142","Nizamabad","active","39","2017-12-25 18:26:47","2017-12-25 18:26:47"
"143","Kaniyakumari","active","8","2017-12-25 18:55:33","2017-12-25 18:55:33"
"144","Calicut","active","4","2017-12-25 18:58:31","2017-12-25 18:58:31"
"145","Kanniyakumari","active","8","2017-12-25 19:03:57","2017-12-25 19:03:57"
"146","Namakkal","active","8","2017-12-25 19:15:00","2017-12-25 19:15:00"
"147","Kumbakonam","active","12","2017-12-25 19:21:36","2017-12-25 19:21:36"
"148","Cuttack","active","40","2017-12-25 19:21:48","2017-12-25 19:21:48"
"149","Tiruchirappalli","active","12","2017-12-25 19:38:39","2017-12-25 19:38:39"
"150","Vellore","active","8","2017-12-25 19:44:30","2017-12-25 19:44:30"
"151","Panipat","active","3","2017-12-25 19:58:18","2017-12-25 19:58:18"
"152","Pattukkottai","active","12","2017-12-25 20:01:00","2017-12-25 20:01:00"
"153","Navi Mumbai","active","5","2017-12-25 20:16:40","2017-12-25 20:16:40"
"154","Tirunelveli","active","12","2017-12-25 20:26:32","2017-12-25 20:26:32"
"155","Hisar","active","3","2017-12-25 20:31:18","2017-12-25 20:31:18"
"156","Nizamabad","active","34","2017-12-25 20:53:10","2017-12-25 20:53:10"
"157","SOLAN","active","41","2017-12-25 20:59:42","2017-12-25 20:59:42"
"158","Madurai","active","8","2017-12-25 21:18:06","2017-12-25 21:18:06"
"159","Karimnagar","active","34","2017-12-25 21:35:07","2017-12-25 21:35:07"
"160","Fatehabad","active","3","2017-12-25 21:42:03","2017-12-25 21:42:03"
"161","Bhiwani","active","3","2017-12-25 21:46:03","2017-12-25 21:46:03"
"162","Shimla","active","41","2017-12-25 21:54:51","2017-12-25 21:54:51"
"163","Thiruvarur","active","12","2017-12-25 21:57:36","2017-12-25 21:57:36"
"164","Sirsa","active","3","2017-12-25 22:01:12","2017-12-25 22:01:12"
"165","NAHAN","active","41","2017-12-25 22:06:48","2017-12-25 22:06:48"
"166","Chinabazar","active","4","2017-12-25 22:16:49","2017-12-25 22:16:49"
"167","Perambalur","active","12","2017-12-25 22:20:07","2017-12-25 22:20:07"
"168","Ariyalur","active","12","2017-12-25 23:12:14","2017-12-25 23:12:14"
"169","Charkhi Dadri","active","3","2017-12-25 23:14:50","2017-12-25 23:14:50"
"170","Biharsharif","active","17","2017-12-26 07:53:55","2017-12-26 07:53:55"
"171","Aurangabad","active","17","2017-12-26 08:41:40","2017-12-26 08:41:40"
"172","Madurai","active","12","2017-12-26 08:47:53","2017-12-26 08:47:53"
"173","Bijapur","active","6","2017-12-26 08:56:40","2017-12-26 08:56:40"
"174","CHAPRA","active","17","2017-12-26 09:14:39","2017-12-26 09:14:39"
"175","Siwan","active","17","2017-12-26 09:27:10","2017-12-26 09:27:10"
"176","Siiguri","active","13","2017-12-26 09:27:45","2017-12-26 09:27:45"
"177","Malda","active","13","2017-12-26 09:37:59","2017-12-26 09:37:59"
"178","Motihari","active","17","2017-12-26 09:52:27","2017-12-26 09:52:27"
"179","DARBHANAGA","active","17","2017-12-26 10:09:15","2017-12-26 10:09:15"
"180","Nawada","active","17","2017-12-26 10:15:04","2017-12-26 10:15:04"
"181","West Bengal","active","13","2017-12-26 10:20:41","2017-12-26 10:20:41"
"182","Arrah","active","17","2017-12-26 10:26:29","2017-12-26 10:26:29"
"183","Kishanganj","active","17","2017-12-26 10:47:25","2017-12-26 10:47:25"
"184","Kolkata","active","32","2017-12-26 10:54:24","2017-12-26 10:54:24"
"185","Hazaribagh","active","24","2017-12-26 11:46:32","2017-12-26 11:46:32"
"186","Bokaro","active","24","2017-12-26 12:21:05","2017-12-26 12:21:05"
"187","Nagaon","active","22","2017-12-26 12:22:00","2017-12-26 12:22:00"
"188","Hanmakonda","active","34","2017-12-26 12:57:46","2017-12-26 12:57:46"
"189","Gandhinagar","active","1","2017-12-26 13:13:12","2017-12-26 13:13:12"
"190","Siddipet","active","34","2017-12-26 14:05:57","2017-12-26 14:05:57"
"191","Himachal Pradesh","active","42","2017-12-26 17:11:41","2017-12-26 17:11:41"
"192","Himachal Pradesh","active","41","2017-12-26 17:18:57","2017-12-26 17:18:57"
"193","Purab Medinipore","active","13","2017-12-26 18:07:39","2017-12-26 18:07:39"
"194","Khammam","active","34","2017-12-26 20:36:48","2017-12-26 20:36:48"
"195","Kozhikod","active","4","2017-12-26 20:59:39","2017-12-26 20:59:39"
"196","Durgapur","active","13","2017-12-26 21:02:08","2017-12-26 21:02:08"
"197","Kozhikode","active","4","2017-12-26 21:11:53","2017-12-26 21:11:53"
"198","Bankura","active","13","2017-12-26 21:33:06","2017-12-26 21:33:06"
"199","Jamnagar","active","1","2017-12-26 21:52:16","2017-12-26 21:52:16"
"200","Ludhiana","active","11","2017-12-26 22:13:23","2017-12-26 22:13:23"
"201","Malapuram","active","4","2017-12-26 22:13:58","2017-12-26 22:13:58"
"202","Nasik","active","7","2017-12-26 22:18:15","2017-12-26 22:18:15"
"203","Nashik","active","7","2017-12-26 22:33:09","2017-12-26 22:33:09"
"204","Tiruvanamalai","active","8","2017-12-26 22:49:32","2017-12-26 22:49:32"
"205","West Midnapore","active","13","2017-12-26 23:05:51","2017-12-26 23:05:51"
"206","Thiruvalla","active","4","2017-12-26 23:07:45","2017-12-26 23:07:45"
"207","Midnapore","active","13","2017-12-27 00:08:37","2017-12-27 00:08:37"
"208","West Midnaporw","active","13","2017-12-27 00:26:25","2017-12-27 00:26:25"
"209","Purab Medinipore","active","43","2017-12-27 00:49:23","2017-12-27 00:49:23"
"210","Asansol","active","13","2017-12-27 01:05:58","2017-12-27 01:05:58"
"211","Bhav","active",NULL,"2017-12-27 08:06:55","2017-12-27 08:06:55"
"212","Bhav","active","1","2017-12-27 08:07:06","2017-12-27 08:07:06"
"213","Ferozpur","active","11","2017-12-27 08:19:16","2017-12-27 08:19:16"
"214","Gurgaon","active","3","2017-12-27 08:30:08","2017-12-27 08:30:08"
"215","Perithalmanna","active","4","2017-12-27 08:37:43","2017-12-27 08:37:43"
"216","Shahbaad Markanda","active","3","2017-12-27 08:57:21","2017-12-27 08:57:21"
"217","Purnia","active","17","2017-12-27 09:18:28","2017-12-27 09:18:28"
"218","Kalka","active","3","2017-12-27 09:24:23","2017-12-27 09:24:23"
"219","Kottayam","active","4","2017-12-27 09:46:52","2017-12-27 09:46:52"
"220","Darbhanga","active","17","2017-12-27 09:49:27","2017-12-27 09:49:27"
"221","Kondotty","active","4","2017-12-27 09:59:40","2017-12-27 09:59:40"
"222","MUZAFFARPUR","active","17","2017-12-27 10:30:03","2017-12-27 10:30:03"
"223","Sitamarhi","active","17","2017-12-27 11:31:29","2017-12-27 11:31:29"
"224","Malout","active","11","2017-12-27 12:34:13","2017-12-27 12:34:13"
"225","Raniganj","active","13","2017-12-27 12:50:08","2017-12-27 12:50:08"
"226","Giddarbaha","active","11","2017-12-27 13:39:04","2017-12-27 13:39:04"
"227","Jammu","active","44","2017-12-27 13:45:16","2017-12-27 13:45:16"
"228","Udaipir","active","10","2017-12-27 14:16:35","2017-12-27 14:16:35"
"229","Jodhpur","active","10","2017-12-27 14:35:41","2017-12-27 14:35:41"
"230","New Delhi","active","45","2017-12-27 15:10:06","2017-12-27 15:10:06"
"231","Mandi","active","41","2017-12-27 16:15:15","2017-12-27 16:15:15"
"232","Raigad","active","5","2017-12-27 16:48:56","2017-12-27 16:48:56"
"233","Bhayandar","active","5","2017-12-27 17:15:22","2017-12-27 17:15:22"
"234","Durgaput","active","13","2017-12-27 18:06:59","2017-12-27 18:06:59"
"235","Mira road","active","5","2017-12-27 18:10:07","2017-12-27 18:10:07"
"236","Palampur","active","41","2017-12-27 20:59:34","2017-12-27 20:59:34"
"237","Kangra","active",NULL,"2017-12-27 22:28:29","2017-12-27 22:28:29"
"238","Kangra","active","41","2017-12-27 22:29:01","2017-12-27 22:29:01"
"239","Delhi","active","45","2017-12-28 07:01:55","2017-12-28 07:01:55"
"240","Mandi","active","46","2017-12-28 11:21:09","2017-12-28 11:21:09"
"241","Bhuj","active",NULL,"2017-12-28 12:07:06","2017-12-28 12:07:06"
"242","Bhuj","active","1","2017-12-28 12:07:13","2017-12-28 12:07:13"
"243","Dharmshala","active","41","2017-12-28 12:56:58","2017-12-28 12:56:58"
"244","Aurangabad","active","5","2017-12-28 13:25:37","2017-12-28 13:25:37"
"245","BAIJNATH","active","41","2017-12-28 14:21:11","2017-12-28 14:21:11"
"246","Amreli","active","1","2017-12-28 19:30:19","2017-12-28 19:30:19"
"247","Belagavi","active","6","2017-12-28 22:05:10","2017-12-28 22:05:10"
"248","New Delhi","active","47","2017-12-28 23:16:26","2017-12-28 23:16:26"
"249","New Delhi","active",NULL,"2017-12-28 23:55:07","2017-12-28 23:55:07"
"250","Delhi","active","47","2017-12-29 00:12:27","2017-12-29 00:12:27"
"251","Faridkot","active","11","2017-12-29 10:21:49","2017-12-29 10:21:49"
"252","Allahabad","active","48","2017-12-29 13:56:17","2017-12-29 13:56:17"
"253","Ghaziabad","active","2","2017-12-29 16:40:15","2017-12-29 16:40:15"
"254","Noida","active","2","2017-12-29 16:48:03","2017-12-29 16:48:03"
"255","Gr.noida","active","19","2017-12-29 17:03:15","2017-12-29 17:03:15"
"256","Kanpur Nagar","active","2","2017-12-29 17:25:30","2017-12-29 17:25:30"
"257","Gorakhpur","active","2","2017-12-29 18:16:13","2017-12-29 18:16:13"
"258","Beharampore","active","13","2017-12-29 19:12:33","2017-12-29 19:12:33"
"259","Mumbai Suburban","active","5","2017-12-29 20:40:40","2017-12-29 20:40:40"
"260","Kanpur","active","2","2017-12-29 21:28:21","2017-12-29 21:28:21"
"261","Jhansi","active","2","2017-12-29 21:42:11","2017-12-29 21:42:11"
"262","Nodia","active","2","2017-12-29 22:13:46","2017-12-29 22:13:46"
"263","Fatehpur","active","2","2017-12-29 22:57:45","2017-12-29 22:57:45"
"264","Banda","active","2","2017-12-29 23:29:19","2017-12-29 23:29:19"
"265","Bhavnagar","active","49","2017-12-29 23:36:13","2017-12-29 23:36:13"
"266","Adoor","active","4","2017-12-30 00:32:36","2017-12-30 00:32:36"
"267","Navi mumbai","active","50","2017-12-30 08:38:53","2017-12-30 08:38:53"
"268","MORADABAD","active","2","2017-12-30 10:45:37","2017-12-30 10:45:37"
"269","Gautam Buddh Nagar","active","2","2017-12-30 14:06:59","2017-12-30 14:06:59"
"270","Nagpur","active","5","2017-12-30 14:14:45","2017-12-30 14:14:45"
"271","Dhule","active","5","2017-12-30 15:02:59","2017-12-30 15:02:59"
"272","Baghmara","active","24","2017-12-30 19:45:25","2017-12-30 19:45:25"
"273","South Delhi","active","45","2017-12-31 18:52:33","2017-12-31 18:52:33"
"274","Haridwar","active","51","2017-12-31 19:13:02","2017-12-31 19:13:02"
"275","Rishikesh","active","23","2017-12-31 19:39:07","2017-12-31 19:39:07"
"276","Kashipur","active","23","2017-12-31 20:23:23","2017-12-31 20:23:23"
"277","Pilibhit","active","2","2017-12-31 20:36:45","2017-12-31 20:36:45"
"278","BAREILLY","active","2","2017-12-31 20:40:52","2017-12-31 20:40:52"
"279","HALDWANI","active","23","2017-12-31 20:53:14","2017-12-31 20:53:14"
"280","Nainital","active","23","2017-12-31 20:53:56","2017-12-31 20:53:56"
"281","Saharanpur","active","19","2018-01-01 13:14:22","2018-01-01 13:14:22"
"282","Aurangabad","active","52","2018-01-01 13:29:09","2018-01-01 13:29:09"
"283","Gorakhpur","active","53","2018-01-01 20:30:43","2018-01-01 20:30:43"
"284","Purnea","active","17","2018-01-02 12:36:21","2018-01-02 12:36:21"
"285","Basti","active","2","2018-01-02 13:30:04","2018-01-02 13:30:04"
"286","Amdekarnagar","active","2","2018-01-02 13:52:40","2018-01-02 13:52:40"
"287","Ambedkarnagar","active","2","2018-01-02 13:59:13","2018-01-02 13:59:13"
"288","Gonda","active","2","2018-01-02 14:03:16","2018-01-02 14:03:16"
"289","Faizabad","active","2","2018-01-02 14:06:02","2018-01-02 14:06:02"
"290","Jodhpur","active","54","2018-01-02 15:13:47","2018-01-02 15:13:47"
"291","Jodhpur","active","55","2018-01-02 15:19:55","2018-01-02 15:19:55"
"292","Jodhpir","active","10","2018-01-02 15:32:23","2018-01-02 15:32:23"
"293","Ernakulam","active","4","2018-01-02 16:51:42","2018-01-02 16:51:42"
"294","Lucknow","active","2","2018-01-02 17:55:22","2018-01-02 17:55:22"
"295","Sangali","active","5","2018-01-02 18:48:20","2018-01-02 18:48:20"
"296","Rewari","active","3","2018-01-02 20:53:03","2018-01-02 20:53:03"
"297","Jind","active","3","2018-01-02 21:12:57","2018-01-02 21:12:57"
"298","Baramati","active","5","2018-01-02 22:21:03","2018-01-02 22:21:03"
"299","Belgaum","active","6","2018-01-02 23:25:35","2018-01-02 23:25:35"
"300","Amritsar","active","11","2018-01-02 23:26:25","2018-01-02 23:26:25"
"301","Bijnor","active","2","2018-01-02 23:38:52","2018-01-02 23:38:52"
"302","Haripad","active","4","2018-01-03 00:04:06","2018-01-03 00:04:06"
"303","Ghaziabad","active","15","2018-01-03 02:13:41","2018-01-03 02:13:41"
"304","Solapur","active","5","2018-01-03 08:54:31","2018-01-03 08:54:31"
"305","Vizag","active","56","2018-01-03 08:58:55","2018-01-03 08:58:55"
"306","Muzaffarnagar","active","2","2018-01-03 10:26:35","2018-01-03 10:26:35"
"307","Karad","active","7","2018-01-03 10:34:04","2018-01-03 10:34:04"
"308","Meerut","active","15","2018-01-03 11:01:45","2018-01-03 11:01:45"
"309","Sangali","active","7","2018-01-03 11:11:57","2018-01-03 11:11:57"
"310","Vijayawada","active","9","2018-01-03 11:34:14","2018-01-03 11:34:14"
"311","Miraj","active","7","2018-01-03 11:40:47","2018-01-03 11:40:47"
"312","Delhi","active","58","2018-01-03 13:02:31","2018-01-03 13:02:31"
"313","Narnaul","active","3","2018-01-03 14:25:30","2018-01-03 14:25:30"
"314","Pune","active","5","2018-01-03 16:21:30","2018-01-03 16:21:30"
"315","Sambalpur","active","40","2018-01-03 18:18:27","2018-01-03 18:18:27"
"316","Kolhapur","active","5","2018-01-04 08:15:53","2018-01-04 08:15:53"
"317","Pandharpur","active","5","2018-01-04 10:31:23","2018-01-04 10:31:23"
"318","Lonandh","active","5","2018-01-04 10:33:11","2018-01-04 10:33:11"
"319","Akluj","active","5","2018-01-04 10:35:13","2018-01-04 10:35:13"
"320","Pathanamthitta","active","4","2018-01-04 12:12:22","2018-01-04 12:12:22"
"321","Noida","active","45","2018-01-04 12:45:03","2018-01-04 12:45:03"
"322","Delhi","active","59","2018-01-04 12:46:09","2018-01-04 12:46:09"
"323","Thiruvananthapuram","active","4","2018-01-04 13:58:38","2018-01-04 13:58:38"
"324","North Delhi","active","47","2018-01-04 14:15:06","2018-01-04 14:15:06"
"325","Rajahmundry","active","26","2018-01-04 19:00:46","2018-01-04 19:00:46"
"326","Nandurbar","active","5","2018-01-04 19:16:04","2018-01-04 19:16:04"
"327","Nandigama","active","9","2018-01-04 19:16:57","2018-01-04 19:16:57"
"328","Sangamner","active","5","2018-01-04 19:29:04","2018-01-04 19:29:04"
"329","Bhubaneswar","active","40","2018-01-04 22:03:32","2018-01-04 22:03:32"
"330","Visakhaoatnam","active","9","2018-01-04 23:08:14","2018-01-04 23:08:14"
"331","Berhampur","active","40","2018-01-05 07:59:17","2018-01-05 07:59:17"
"332","Trivandrum","active","4","2018-01-05 08:37:42","2018-01-05 08:37:42"
"333","Malegaon","active","5","2018-01-05 09:26:11","2018-01-05 09:26:11"
"334","Akola","active","5","2018-01-05 09:50:26","2018-01-05 09:50:26"
"335","Jaunpur","active","19","2018-01-05 10:46:18","2018-01-05 10:46:18"
"336","Bhbubaneswar","active","40","2018-01-05 10:52:40","2018-01-05 10:52:40"
"337","Kanpur","active","21","2018-01-05 11:12:16","2018-01-05 11:12:16"
"338","Greater noida","active","2","2018-01-05 11:15:01","2018-01-05 11:15:01"
"339","Kanpur","active","15","2018-01-05 11:54:42","2018-01-05 11:54:42"
"340","Kanpur","active","60","2018-01-05 11:55:23","2018-01-05 11:55:23"
"341","Bbsr","active","40","2018-01-05 12:02:26","2018-01-05 12:02:26"
"342","Ladwa","active","61","2018-01-05 14:03:27","2018-01-05 14:03:27"
"343","Aliga","active",NULL,"2018-01-05 14:05:36","2018-01-05 14:05:36"
"344","Haldwani","active","62","2018-01-05 14:28:43","2018-01-05 14:28:43"
"345","Visakhapatnm","active","26","2018-01-05 15:07:26","2018-01-05 15:07:26"
"346","Visakhapatnam","active","26","2018-01-05 15:22:07","2018-01-05 15:22:07"
"347","Jalandhar","active",NULL,"2018-01-05 16:07:37","2018-01-05 16:07:37"
"348","Kakinada","active","26","2018-01-05 16:34:41","2018-01-05 16:34:41"
"349","Visakhapatanam","active","26","2018-01-05 16:42:12","2018-01-05 16:42:12"
"350","Etawah","active","2","2018-01-05 18:07:58","2018-01-05 18:07:58"
"351","Noolvi","active","6","2018-01-05 18:22:07","2018-01-05 18:22:07"
"352","Hardoi","active","2","2018-01-05 18:26:18","2018-01-05 18:26:18"
"353","UDUPI","active","6","2018-01-05 18:35:59","2018-01-05 18:35:59"
"354","Kanpur","active","63","2018-01-05 18:51:03","2018-01-05 18:51:03"
"355","Hubli","active","6","2018-01-05 18:51:12","2018-01-05 18:51:12"
"356","SHIMOGA","active","6","2018-01-05 18:54:46","2018-01-05 18:54:46"
"357","Etawah","active","63","2018-01-05 19:02:42","2018-01-05 19:02:42"
"358","Calcutta","active","13","2018-01-05 19:04:29","2018-01-05 19:04:29"
"359","Villupuram","active","12","2018-01-05 19:26:11","2018-01-05 19:26:11"
"360","Gadag","active","6","2018-01-05 19:29:03","2018-01-05 19:29:03"
"361","Puducherry","active","64","2018-01-05 19:48:11","2018-01-05 19:48:11"
"362","Pondy","active","64","2018-01-05 20:12:02","2018-01-05 20:12:02"
"363","Dharwad","active","6","2018-01-05 20:22:28","2018-01-05 20:22:28"
"364","Belgaum","active",NULL,"2018-01-05 20:31:56","2018-01-05 20:31:56"
"365","Davangere","active","6","2018-01-05 20:54:18","2018-01-05 20:54:18"
"366","Cudallore","active","12","2018-01-06 16:14:18","2018-01-06 16:14:18"
"367","Nasik","active","5","2018-01-06 17:49:30","2018-01-06 17:49:30"
"368","Nashik","active","5","2018-01-06 18:06:29","2018-01-06 18:06:29"
"369","Jamshedpur","active","24","2018-01-06 20:47:51","2018-01-06 20:47:51"
"370","Vellore","active","12","2018-01-07 17:32:17","2018-01-07 17:32:17"
"371","Yavatmal","active","7","2018-01-07 17:42:34","2018-01-07 17:42:34"
"372","Perinthalmanna","active","4","2018-01-07 22:41:36","2018-01-07 22:41:36"
"373","Mysore","active","6","2018-01-08 08:24:37","2018-01-08 08:24:37"
"374","Tumkur","active","6","2018-01-08 08:45:13","2018-01-08 08:45:13"
"375","Ahmednagar","active","5","2018-01-08 09:02:54","2018-01-08 09:02:54"
"376","Jalna","active","5","2018-01-08 14:52:22","2018-01-08 14:52:22"
"377","South 24 Parganas","active","13","2018-01-09 14:42:32","2018-01-09 14:42:32"
"378","Chhindwara","active","65","2018-01-09 14:53:34","2018-01-09 14:53:34"
"379","Jabalpur","active","65","2018-01-09 16:06:15","2018-01-09 16:06:15"
"380","Rewa","active","65","2018-01-09 16:29:55","2018-01-09 16:29:55"
"381","Chhatarpur","active","65","2018-01-10 09:44:26","2018-01-10 09:44:26"
"382","Bhopal","active","65","2018-01-10 10:27:49","2018-01-10 10:27:49"
"383","Buldana","active","5","2018-01-10 11:36:34","2018-01-10 11:36:34"
"384","Malkapur","active","5","2018-01-10 11:52:09","2018-01-10 11:52:09"
"385","Amravati","active","5","2018-01-10 12:42:13","2018-01-10 12:42:13"
"386","Amravati","active","7","2018-01-10 12:52:37","2018-01-10 12:52:37"
"387","Ramgarh","active","24","2018-01-10 13:18:51","2018-01-10 13:18:51"
"388","Washim","active","5","2018-01-10 13:48:29","2018-01-10 13:48:29"
"389","Bhilai","active","66","2018-01-10 13:59:51","2018-01-10 13:59:51"
"390","Gwalior","active","65","2018-01-11 07:21:28","2018-01-11 07:21:28"
"391","Gangapur city","active","10","2018-01-11 10:46:29","2018-01-11 10:46:29"
"392","Pune","active",NULL,"2018-01-11 11:54:03","2018-01-11 11:54:03"
"393","Tirupathi","active","9","2018-01-11 12:00:40","2018-01-11 12:00:40"
"394","Nellore","active","9","2018-01-11 13:25:23","2018-01-11 13:25:23"
"395","Tir","active",NULL,"2018-01-11 13:56:28","2018-01-11 13:56:28"
"396","Ongole","active","26","2018-01-11 15:15:26","2018-01-11 15:15:26"
"397","Ongole","active","9","2018-01-11 16:26:26","2018-01-11 16:26:26"
"398","Guduru","active","9","2018-01-11 16:30:49","2018-01-11 16:30:49"
"399","ROURKELA","active","40","2018-01-12 07:55:17","2018-01-12 07:55:17"
"400","Pune","active","67","2018-01-12 14:20:44","2018-01-12 14:20:44"
"401","Jalgaon","active","5","2018-01-12 15:46:08","2018-01-12 15:46:08"
"402","Indore","active","65","2018-01-12 17:58:51","2018-01-12 17:58:51"
"403","Rampura","active","65","2018-01-12 18:58:53","2018-01-12 18:58:53"
"404","Ujjain","active","65","2018-01-12 19:24:53","2018-01-12 19:24:53"
"405","Indore","active","68","2018-01-12 19:38:04","2018-01-12 19:38:04"
"406","Satara","active","7","2018-01-16 09:16:27","2018-01-16 09:16:27"
"407","Kanchipuram","active","12","2018-01-16 18:26:04","2018-01-16 18:26:04"
"408","Ichalkaranji","active","5","2018-01-18 11:51:06","2018-01-18 11:51:06"
"409","Indore","active","69","2018-01-18 14:25:52","2018-01-18 14:25:52"
"410","Mandsour","active","69","2018-01-18 18:11:11","2018-01-18 18:11:11"
"411","Indore","active","70","2018-01-19 12:38:58","2018-01-19 12:38:58"
"412","Malbazar","active","13","2018-01-19 20:20:21","2018-01-19 20:20:21"
"413","Contai","active","13","2018-01-19 23:34:53","2018-01-19 23:34:53"
"414","Tamluk","active","13","2018-01-20 11:40:05","2018-01-20 11:40:05"
"415","Mecheda","active","13","2018-01-20 12:02:00","2018-01-20 12:02:00"
"416","Coochbehar","active","13","2018-01-22 09:23:29","2018-01-22 09:23:29"
"417","Samastipur","active","17","2018-01-22 16:16:09","2018-01-22 16:16:09"
"418","Madhubani","active","17","2018-01-22 17:37:33","2018-01-22 17:37:33"
"419","Samaatipur","active","17","2018-01-22 18:00:54","2018-01-22 18:00:54"
"420","Darbahnga","active","17","2018-01-22 18:07:43","2018-01-22 18:07:43"
"421","Pune","active","7","2018-01-23 11:07:43","2018-01-23 11:07:43"
"422","Gaya","active","17","2018-01-23 11:33:13","2018-01-23 11:33:13"
"423","Pune","active","52","2018-01-23 14:03:48","2018-01-23 14:03:48"
"424","Pune","active","71","2018-01-23 14:06:56","2018-01-23 14:06:56"
"425","Kankavali","active","5","2018-01-23 17:24:20","2018-01-23 17:24:20"
"426","Ratnagiri","active","5","2018-01-23 17:42:55","2018-01-23 17:42:55"
"427","Rafiganj","active","17","2018-01-23 17:53:11","2018-01-23 17:53:11"
"428","K ok h","active",NULL,"2018-01-23 18:05:29","2018-01-23 18:05:29"
"429","Raniganj","active","17","2018-01-23 18:06:04","2018-01-23 18:06:04"
"430","Kasal","active","5","2018-01-23 18:44:12","2018-01-23 18:44:12"
"431","Satara","active","5","2018-01-23 18:54:05","2018-01-23 18:54:05"
"432","Palanpur","active","1","2018-01-24 21:33:42","2018-01-24 21:33:42"
"433","Patan","active","1","2018-01-25 08:44:25","2018-01-25 08:44:25"
"434","Himmatnagar","active","1","2018-01-25 08:50:21","2018-01-25 08:50:21"
"435","Mehsana","active","1","2018-01-25 09:55:34","2018-01-25 09:55:34"
"436","Vijapur","active","1","2018-01-25 10:13:23","2018-01-25 10:13:23"
"437","Deesa","active","1","2018-01-25 10:27:33","2018-01-25 10:27:33"
"438","Visnagar","active","1","2018-01-25 10:33:40","2018-01-25 10:33:40"
"439","Satlasana","active","1","2018-01-25 10:51:40","2018-01-25 10:51:40"
"440","Mansa","active","1","2018-01-25 11:02:43","2018-01-25 11:02:43"
